Date,Region,Product,Units_Sold,Unit_Price (₹),Sales (₹),Profit (₹)
2024-01-01,Central,HP ProBook 450,44,75000,3300000,515938.71890288667
2024-01-02,Central,HP Envy x360,24,82000,1968000,392947.0033055786
2024-01-02,West,HP ProBook 450,15,75000,1125000,236286.8275654712
2024-01-02,North,HP EliteBook 840,17,105000,1785000,314387.9817563216
2024-01-03,West,HP Envy x360,33,82000,2706000,418709.04397201486
2024-01-05,North,HP Envy x360,21,82000,1722000,366428.9087026857
2024-01-05,Central,HP Victus 16,17,90000,1530000,262267.0355693725
2024-01-06,South,HP Victus 16,28,90000,2520000,581647.1598039137
2024-01-06,Central,HP Spectre x360,36,135000,4860000,879879.4696069774
2024-01-06,North,HP Pavilion 15,44,65000,2860000,572664.5694120034
2024-01-07,East,HP ProBook 450,46,75000,3450000,697637.4639355916
2024-01-08,West,HP Victus 16,40,90000,3600000,603824.3075897981
2024-01-09,South,HP Envy x360,23,82000,1886000,226349.76859000104
2024-01-09,North,HP Envy x360,46,82000,3772000,709479.5325127587
2024-01-10,North,HP EliteBook 840,48,105000,5040000,1140123.7751514816
2024-01-10,North,HP Envy x360,20,82000,1640000,315465.8374453632
2024-01-10,East,HP ProBook 450,49,75000,3675000,708590.5807826922
2024-01-11,West,HP Spectre x360,33,135000,4455000,1063762.3938811559
2024-01-11,Central,HP Spectre x360,41,135000,5535000,1072264.2449205902
2024-01-11,North,HP Victus 16,12,90000,1080000,228615.68626166976
2024-01-13,West,HP ProBook 450,7,75000,525000,99140.74158014833
2024-01-16,East,HP EliteBook 840,29,105000,3045000,748578.7219612164
2024-01-16,North,HP ProBook 450,11,75000,825000,205636.54976799237
2024-01-17,South,HP Spectre x360,31,135000,4185000,830400.9747134529
2024-01-18,Central,HP Victus 16,45,90000,4050000,739414.6073045182
2024-01-18,North,HP Victus 16,25,90000,2250000,359459.85403357487
2024-01-20,Central,HP Pavilion 15,40,65000,2600000,630737.1092303013
2024-01-22,Central,HP Spectre x360,17,135000,2295000,454462.70751370845
2024-01-22,South,HP Envy x360,25,82000,2050000,280624.67044379405
2024-01-22,South,HP Omen 17,40,125000,5000000,1186273.6929806534
2024-01-22,West,HP Pavilion 15,10,65000,650000,118757.1832037035
2024-01-23,North,HP EliteBook 840,11,105000,1155000,141357.49447537167
2024-01-23,East,HP Spectre x360,8,135000,1080000,153414.62718017196
2024-01-24,Central,HP Pavilion 15,39,65000,2535000,388401.55956577224
2024-01-24,Central,HP Victus 16,11,90000,990000,169460.8206337181
2024-01-24,North,HP Omen 17,39,125000,4875000,1175411.196118867
2024-01-26,North,HP ProBook 450,26,75000,1950000,341107.91865393094
2024-01-26,West,HP Pavilion 15,16,65000,1040000,227390.02866098454
2024-01-27,West,HP Omen 17,16,125000,2000000,258810.23620469167
2024-01-29,East,HP Victus 16,45,90000,4050000,592548.1583940373
2024-01-29,South,HP EliteBook 840,5,105000,525000,125706.74686116235
2024-02-01,North,HP ProBook 450,25,75000,1875000,306971.56155831035
2024-02-01,East,HP Envy x360,48,82000,3936000,766459.4959945901
2024-02-01,South,HP Victus 16,16,90000,1440000,203172.5790437192
2024-02-01,North,HP ProBook 450,25,75000,1875000,327454.02225465624
2024-02-02,Central,HP EliteBook 840,38,105000,3990000,642200.5046300896
2024-02-02,Central,HP Spectre x360,33,135000,4455000,794760.0148378981
2024-02-03,South,HP EliteBook 840,46,105000,4830000,1053163.650010464
2024-02-03,South,HP Omen 17,9,125000,1125000,147235.2528605071
2024-02-04,Central,HP Envy x360,30,82000,2460000,590034.3642842016
2024-02-04,East,HP Spectre x360,5,135000,675000,104792.0984057242
2024-02-04,Central,HP Omen 17,43,125000,5375000,903109.8589640488
2024-02-06,North,HP ProBook 450,32,75000,2400000,465695.78651296993
2024-02-07,South,HP Envy x360,28,82000,2296000,475926.8587008019
2024-02-07,West,HP Spectre x360,27,135000,3645000,742942.2379898116
2024-02-07,Central,HP Spectre x360,32,135000,4320000,1019724.35768681
2024-02-08,East,HP Victus 16,11,90000,990000,193589.90932890004
2024-02-08,South,HP Victus 16,10,90000,900000,118907.48145763903
2024-02-09,West,HP Spectre x360,22,135000,2970000,462229.59162714484
2024-02-10,Central,HP Pavilion 15,16,65000,1040000,145905.27918882604
2024-02-11,South,HP Envy x360,24,82000,1968000,358975.90792717476
2024-02-12,East,HP Victus 16,43,90000,3870000,585564.908360112
2024-02-13,South,HP Omen 17,11,125000,1375000,325353.92198256665
2024-02-13,South,HP ProBook 450,42,75000,3150000,484312.89151698264
2024-02-14,West,HP Pavilion 15,24,65000,1560000,231094.53288457982
2024-02-14,North,HP Pavilion 15,16,65000,1040000,175992.7837594035
2024-02-14,Central,HP Envy x360,30,82000,2460000,533183.3914320315
2024-02-15,West,HP Omen 17,24,125000,3000000,482558.55282899685
2024-02-15,South,HP Envy x360,38,82000,3116000,631641.668827854
2024-02-16,South,HP EliteBook 840,45,105000,4725000,596651.3351917226
2024-02-17,Central,HP Pavilion 15,42,65000,2730000,618209.3094531893
2024-02-17,West,HP EliteBook 840,34,105000,3570000,604908.0501703959
2024-02-17,East,HP Spectre x360,28,135000,3780000,714096.3517438525
2024-02-18,East,HP EliteBook 840,10,105000,1050000,160874.77490688377
2024-02-18,West,HP Envy x360,36,82000,2952000,710772.1244534707
2024-02-20,East,HP ProBook 450,37,75000,2775000,483427.94626522163
2024-02-21,Central,HP Spectre x360,35,135000,4725000,685348.4170349081
2024-02-21,Central,HP EliteBook 840,40,105000,4200000,620604.0552921778
2024-02-21,East,HP ProBook 450,28,75000,2100000,489849.79923321534
2024-02-24,West,HP Victus 16,31,90000,2790000,478197.52469129744
2024-02-24,Central,HP ProBook 450,29,75000,2175000,379402.02309337386
2024-02-25,South,HP Omen 17,12,125000,1500000,238471.67683403564
2024-02-25,East,HP EliteBook 840,28,105000,2940000,387021.82063609513
2024-02-25,East,HP EliteBook 840,9,105000,945000,190111.268263873
2024-02-26,West,HP Victus 16,38,90000,3420000,659625.374423849
2024-02-26,Central,HP Envy x360,22,82000,1804000,380885.09691645467
2024-02-27,South,HP Spectre x360,27,135000,3645000,754939.3160546664
2024-02-27,Central,HP Omen 17,14,125000,1750000,354764.01156173315
2024-02-28,Central,HP Spectre x360,16,135000,2160000,278447.58540853765
2024-02-28,North,HP ProBook 450,39,75000,2925000,489714.2185498535
2024-02-29,East,HP ProBook 450,19,75000,1425000,213599.53872527552
2024-02-29,South,HP EliteBook 840,31,105000,3255000,418158.48689403303
2024-02-29,North,HP Victus 16,12,90000,1080000,187080.69396198253
2024-03-01,East,HP Omen 17,10,125000,1250000,216769.1556162743
2024-03-02,Central,HP Victus 16,17,90000,1530000,303830.1064958562
2024-03-02,Central,HP EliteBook 840,34,105000,3570000,691349.4716306237
2024-03-03,West,HP Envy x360,36,82000,2952000,525045.132847363
2024-03-04,Central,HP Omen 17,15,125000,1875000,307301.0627289267
2024-03-05,West,HP Envy x360,28,82000,2296000,515902.75761260727
2024-03-05,West,HP EliteBook 840,37,105000,3885000,709235.4116098492
2024-03-07,North,HP Victus 16,40,90000,3600000,784646.4911286728
2024-03-07,East,HP EliteBook 840,25,105000,2625000,565182.9670116942
2024-03-08,East,HP Victus 16,31,90000,2790000,353990.5547910502
2024-03-09,West,HP EliteBook 840,39,105000,4095000,965409.8884069425
2024-03-09,Central,HP Spectre x360,18,135000,2430000,498126.94473493483
2024-03-10,East,HP Envy x360,45,82000,3690000,526338.3580918867
2024-03-10,East,HP ProBook 450,16,75000,1200000,219738.7442129354
2024-03-11,West,HP Omen 17,45,125000,5625000,1313809.700015685
2024-03-11,East,HP EliteBook 840,47,105000,4935000,709047.3284183433
2024-03-14,Central,HP Envy x360,18,82000,1476000,291495.07685562916
2024-03-14,South,HP Omen 17,10,125000,1250000,292705.9706392495
2024-03-15,South,HP Envy x360,18,82000,1476000,193556.55156496106
2024-03-16,East,HP Envy x360,29,82000,2378000,524996.0453600666
2024-03-17,East,HP Envy x360,18,82000,1476000,270466.2657781679
2024-03-17,Central,HP Omen 17,47,125000,5875000,830922.064686772
2024-03-17,West,HP Victus 16,5,90000,450000,109895.42412125284
2024-03-20,South,HP EliteBook 840,15,105000,1575000,217205.20056898773
2024-03-22,West,HP Envy x360,48,82000,3936000,481966.27335914015
2024-03-22,South,HP Envy x360,27,82000,2214000,354424.4756688258
2024-03-22,West,HP Envy x360,23,82000,1886000,266887.6854260761
2024-03-22,South,HP Victus 16,17,90000,1530000,252278.19536065593
2024-03-23,South,HP Spectre x360,29,135000,3915000,779093.6858267795
2024-03-23,West,HP ProBook 450,5,75000,375000,49443.09343207534
2024-03-24,Central,HP Spectre x360,6,135000,810000,179097.81642671616
2024-03-24,East,HP Envy x360,34,82000,2788000,392017.6721554831
2024-03-24,North,HP Victus 16,49,90000,4410000,540396.5151417721
2024-03-25,East,HP Omen 17,20,125000,2500000,429102.7760873871
2024-03-25,South,HP Spectre x360,36,135000,4860000,1157956.720616913
2024-03-26,East,HP Envy x360,24,82000,1968000,421769.72046817
2024-03-26,Central,HP Envy x360,28,82000,2296000,565699.4147300237
2024-03-26,West,HP Spectre x360,44,135000,5940000,1412687.0589745443
2024-03-27,East,HP Pavilion 15,39,65000,2535000,559649.9687388996
2024-03-29,North,HP Pavilion 15,32,65000,2080000,499420.2400919663
2024-03-30,West,HP Pavilion 15,41,65000,2665000,344227.8193397468
2024-04-01,South,HP Pavilion 15,47,65000,3055000,711131.5907381506
2024-04-01,Central,HP Victus 16,49,90000,4410000,1080639.6214735843
2024-04-02,Central,HP Envy x360,49,82000,4018000,765108.7825095112
2024-04-02,West,HP Pavilion 15,18,65000,1170000,233557.7038267485
2024-04-02,East,HP Envy x360,44,82000,3608000,878027.7799620669
2024-04-03,Central,HP ProBook 450,13,75000,975000,151159.5746058292
2024-04-03,West,HP Omen 17,23,125000,2875000,715922.1343499224
2024-04-07,West,HP Omen 17,9,125000,1125000,154513.01068203346
2024-04-09,Central,HP Victus 16,25,90000,2250000,306010.1815671044
2024-04-10,East,HP Pavilion 15,14,65000,910000,120365.6172625849
2024-04-11,East,HP Omen 17,11,125000,1375000,308377.766801295
2024-04-11,South,HP Spectre x360,20,135000,2700000,443928.7424772268
2024-04-14,East,HP Spectre x360,28,135000,3780000,738812.6094304873
2024-04-16,West,HP Spectre x360,15,135000,2025000,435843.9185109115
2024-04-16,Central,HP Spectre x360,9,135000,1215000,234008.8496294933
2024-04-17,South,HP Pavilion 15,30,65000,1950000,264518.4541874783
2024-04-17,Central,HP Envy x360,30,82000,2460000,517476.760478246
2024-04-18,Central,HP EliteBook 840,39,105000,4095000,999903.0640820173
2024-04-19,South,HP Envy x360,41,82000,3362000,799029.6106805153
2024-04-19,West,HP Pavilion 15,40,65000,2600000,473471.9485775956
2024-04-20,East,HP Spectre x360,12,135000,1620000,398882.50476030714
2024-04-20,North,HP Pavilion 15,14,65000,910000,165079.9963116333
2024-04-20,Central,HP Omen 17,39,125000,4875000,850346.7561925222
2024-04-21,South,HP ProBook 450,36,75000,2700000,665018.3027252472
2024-04-23,North,HP Envy x360,6,82000,492000,118488.75708435781
2024-04-24,East,HP Victus 16,23,90000,2070000,453127.70677748724
2024-04-25,West,HP Envy x360,6,82000,492000,64799.811098501435
2024-04-26,East,HP EliteBook 840,42,105000,4410000,1002342.3833496047
2024-04-26,East,HP Spectre x360,38,135000,5130000,764165.3738200021
2024-04-26,East,HP Envy x360,25,82000,2050000,491621.7169986742
2024-04-26,West,HP Spectre x360,11,135000,1485000,234297.39625072997
2024-04-27,North,HP Pavilion 15,8,65000,520000,65563.45302079794
2024-04-27,Central,HP ProBook 450,7,75000,525000,128878.82080391457
2024-04-28,West,HP Victus 16,44,90000,3960000,499722.1090371024
2024-04-28,East,HP ProBook 450,38,75000,2850000,503704.4219646492
2024-04-28,Central,HP EliteBook 840,13,105000,1365000,314386.11322591477
2024-04-28,West,HP Victus 16,28,90000,2520000,577292.4125337312
2024-04-29,East,HP Spectre x360,29,135000,3915000,877266.0614834244
2024-04-29,Central,HP Envy x360,27,82000,2214000,324428.6969173483
2024-04-30,West,HP Pavilion 15,6,65000,390000,97446.48114254542
2024-05-01,East,HP Omen 17,31,125000,3875000,475622.1836739027
2024-05-01,East,HP ProBook 450,12,75000,900000,151216.55843340396
2024-05-04,Central,HP Victus 16,40,90000,3600000,463108.53268987744
2024-05-05,South,HP ProBook 450,23,75000,1725000,335596.0886738259
2024-05-06,North,HP Envy x360,14,82000,1148000,255644.83504418825
2024-05-07,South,HP Spectre x360,22,135000,2970000,620600.7575859339
2024-05-08,North,HP Victus 16,38,90000,3420000,534566.0764794642
2024-05-09,East,HP Envy x360,14,82000,1148000,261224.45107622238
2024-05-10,East,HP Spectre x360,32,135000,4320000,948509.27574977
2024-05-10,West,HP Victus 16,15,90000,1350000,238773.19728078292
2024-05-10,West,HP EliteBook 840,44,105000,4620000,620721.916209282
2024-05-11,East,HP Omen 17,43,125000,5375000,826415.8343873502
2024-05-11,North,HP Envy x360,12,82000,984000,243708.24512468537
2024-05-11,North,HP Spectre x360,8,135000,1080000,202003.37220945943
2024-05-12,South,HP Envy x360,31,82000,2542000,607156.4855643891
2024-05-12,East,HP Envy x360,44,82000,3608000,861320.002955883
2024-05-13,North,HP EliteBook 840,23,105000,2415000,550093.9858032141
2024-05-14,Central,HP Envy x360,21,82000,1722000,420673.4052651776
2024-05-17,West,HP Spectre x360,46,135000,6210000,1218236.5094374064
2024-05-17,East,HP Spectre x360,12,135000,1620000,394178.7040982547
2024-05-18,Central,HP EliteBook 840,42,105000,4410000,619835.3683843036
2024-05-19,North,HP Omen 17,13,125000,1625000,401955.89413640933
2024-05-19,East,HP Omen 17,38,125000,4750000,908842.7216037925
2024-05-20,Central,HP ProBook 450,36,75000,2700000,592613.4946002403
2024-05-20,South,HP ProBook 450,11,75000,825000,103151.96747421612
2024-05-20,East,HP Pavilion 15,13,65000,845000,195296.31903442452
2024-05-22,North,HP Envy x360,12,82000,984000,177500.05831670374
2024-05-22,South,HP Victus 16,14,90000,1260000,153086.36002769796
2024-05-22,West,HP EliteBook 840,41,105000,4305000,528621.8343948234
2024-05-22,North,HP Envy x360,10,82000,820000,130968.2594985726
2024-05-22,South,HP Omen 17,17,125000,2125000,404326.5861792793
2024-05-23,East,HP Victus 16,12,90000,1080000,251217.71399201147
2024-05-23,East,HP Victus 16,8,90000,720000,173037.35856576782
2024-05-23,Central,HP Pavilion 15,26,65000,1690000,210878.8496094606
2024-05-23,North,HP Pavilion 15,10,65000,650000,99307.93345381641
2024-05-25,North,HP Envy x360,14,82000,1148000,262579.19232559984
2024-05-25,North,HP EliteBook 840,45,105000,4725000,998841.4700889206
2024-05-26,Central,HP Omen 17,20,125000,2500000,559281.3671563714
2024-05-26,South,HP Pavilion 15,39,65000,2535000,397933.8468243262
2024-05-28,South,HP Victus 16,13,90000,1170000,220003.89736293105
2024-05-28,West,HP Omen 17,42,125000,5250000,848639.4449476311
2024-05-28,North,HP Omen 17,13,125000,1625000,200721.84543308473
2024-05-29,South,HP Victus 16,42,90000,3780000,554792.9438306221
2024-05-29,South,HP Pavilion 15,40,65000,2600000,416429.4260569345
2024-05-31,South,HP ProBook 450,25,75000,1875000,308410.39127325214
2024-05-31,East,HP Pavilion 15,12,65000,780000,120180.1429733002
2024-05-31,East,HP Victus 16,14,90000,1260000,280793.3568996526
2024-06-01,North,HP ProBook 450,43,75000,3225000,509851.52558054985
2024-06-01,South,HP ProBook 450,22,75000,1650000,280528.5902797668
2024-06-01,East,HP Omen 17,48,125000,6000000,803522.5637625377
2024-06-02,East,HP Envy x360,9,82000,738000,182281.80256019314
2024-06-02,North,HP EliteBook 840,15,105000,1575000,240761.3142696523
2024-06-03,South,HP EliteBook 840,16,105000,1680000,386416.4159363692
2024-06-03,North,HP Omen 17,23,125000,2875000,510280.6625387546
2024-06-04,North,HP Envy x360,17,82000,1394000,338078.7498506211
2024-06-05,Central,HP Spectre x360,20,135000,2700000,401545.41056848294
2024-06-06,Central,HP EliteBook 840,43,105000,4515000,581798.2441441851
2024-06-07,West,HP Omen 17,25,125000,3125000,574702.3283955181
2024-06-07,East,HP Omen 17,21,125000,2625000,649029.0168441293
2024-06-07,South,HP Envy x360,32,82000,2624000,655878.4506156333
2024-06-09,East,HP EliteBook 840,6,105000,630000,77924.81252249304
2024-06-10,West,HP Victus 16,5,90000,450000,57676.28054783348
2024-06-10,North,HP Omen 17,17,125000,2125000,304849.8713005658
2024-06-12,North,HP Omen 17,6,125000,750000,109135.75040450526
2024-06-13,Central,HP Pavilion 15,22,65000,1430000,335324.6512129922
2024-06-13,West,HP Envy x360,35,82000,2870000,579715.8133424955
2024-06-14,North,HP Victus 16,20,90000,1800000,346637.42028595717
2024-06-14,West,HP Spectre x360,48,135000,6480000,1543842.062307246
2024-06-15,East,HP Victus 16,5,90000,450000,83540.93356733152
2024-06-16,East,HP Spectre x360,11,135000,1485000,328324.00354500714
2024-06-16,East,HP Spectre x360,11,135000,1485000,343979.4837714744
2024-06-18,North,HP EliteBook 840,47,105000,4935000,913526.8632295287
2024-06-18,South,HP Victus 16,37,90000,3330000,831059.6638518496
2024-06-18,Central,HP Pavilion 15,21,65000,1365000,253079.3423942092
2024-06-19,North,HP ProBook 450,37,75000,2775000,373943.1059398853
2024-06-19,Central,HP Envy x360,11,82000,902000,137500.13672577104
2024-06-19,South,HP Omen 17,45,125000,5625000,1364310.6698958664
2024-06-20,West,HP Victus 16,17,90000,1530000,267895.40489589766
2024-06-20,North,HP ProBook 450,9,75000,675000,133599.40141387752
2024-06-21,South,HP Victus 16,39,90000,3510000,434180.31844567537
2024-06-22,East,HP Envy x360,46,82000,3772000,828946.754932379
2024-06-22,East,HP ProBook 450,23,75000,1725000,342856.1912233229
2024-06-22,North,HP Spectre x360,23,135000,3105000,506031.6209984362
2024-06-22,North,HP Envy x360,47,82000,3854000,937562.4591263232
2024-06-23,North,HP ProBook 450,16,75000,1200000,279694.5381532245
2024-06-24,Central,HP Victus 16,45,90000,4050000,606807.1614396084
2024-06-25,South,HP EliteBook 840,30,105000,3150000,432614.90497970354
2024-06-25,West,HP Envy x360,14,82000,1148000,205181.10817676102
2024-06-28,North,HP Omen 17,49,125000,6125000,1407168.2699814313
2024-06-30,South,HP Spectre x360,15,135000,2025000,492501.3451913843
2024-06-30,East,HP Victus 16,43,90000,3870000,809076.7381068434
2024-07-01,Central,HP EliteBook 840,37,105000,3885000,920308.3036600604
2024-07-02,East,HP Pavilion 15,44,65000,2860000,630015.5345795567
2024-07-02,West,HP Victus 16,31,90000,2790000,693074.5467806552
2024-07-03,West,HP ProBook 450,40,75000,3000000,714373.7815678173
2024-07-03,North,HP Omen 17,33,125000,4125000,696041.6762855718
2024-07-04,South,HP Pavilion 15,23,65000,1495000,259475.96222348147
2024-07-04,West,HP Victus 16,16,90000,1440000,212338.80014878765
2024-07-04,East,HP EliteBook 840,27,105000,2835000,492531.8240473802
2024-07-06,West,HP Envy x360,34,82000,2788000,508955.2371308662
2024-07-06,South,HP ProBook 450,19,75000,1425000,281125.00834282796
2024-07-07,North,HP Omen 17,44,125000,5500000,986448.358466425
2024-07-08,East,HP Victus 16,5,90000,450000,61279.42772386389
2024-07-08,North,HP Envy x360,18,82000,1476000,293192.82056667085
2024-07-08,South,HP Omen 17,32,125000,4000000,996470.0442418068
2024-07-09,South,HP Omen 17,30,125000,3750000,930575.086361404
2024-07-09,South,HP Victus 16,16,90000,1440000,207045.67187902948
2024-07-11,East,HP Pavilion 15,36,65000,2340000,382836.6335118882
2024-07-11,West,HP Pavilion 15,45,65000,2925000,368373.9494454214
2024-07-11,North,HP Envy x360,34,82000,2788000,665764.505131978
2024-07-11,West,HP EliteBook 840,46,105000,4830000,1110843.4569973191
2024-07-12,West,HP Spectre x360,43,135000,5805000,1411078.9020323262
2024-07-13,South,HP Victus 16,19,90000,1710000,377885.97572643287
2024-07-13,East,HP Envy x360,41,82000,3362000,454804.8005651159
2024-07-15,West,HP Omen 17,39,125000,4875000,607594.2032765234
2024-07-15,South,HP Victus 16,13,90000,1170000,291869.846618823
2024-07-16,Central,HP Pavilion 15,14,65000,910000,109432.19531931657
2024-07-17,South,HP ProBook 450,21,75000,1575000,242532.59258390858
2024-07-17,West,HP EliteBook 840,42,105000,4410000,960603.80295675
2024-07-19,East,HP Omen 17,22,125000,2750000,401332.1302850062
2024-07-20,North,HP Omen 17,37,125000,4625000,609366.5872810595
2024-07-20,Central,HP Omen 17,32,125000,4000000,972606.9794488113
2024-07-20,East,HP Pavilion 15,24,65000,1560000,233351.15099284032
2024-07-20,Central,HP ProBook 450,23,75000,1725000,416425.2875104136
2024-07-21,North,HP Envy x360,25,82000,2050000,458626.71559088345
2024-07-21,North,HP Spectre x360,9,135000,1215000,231323.73167512598
2024-07-21,Central,HP Spectre x360,11,135000,1485000,344070.0816779127
2024-07-21,North,HP Spectre x360,22,135000,2970000,367818.3433051691
2024-07-22,East,HP Spectre x360,43,135000,5805000,1058110.7166203042
2024-07-24,West,HP ProBook 450,21,75000,1575000,259719.82269282453
2024-07-25,West,HP Envy x360,42,82000,3444000,560486.9340851273
2024-07-26,South,HP Victus 16,32,90000,2880000,491375.3458350316
2024-07-26,South,HP Envy x360,26,82000,2132000,465939.7113966486
2024-07-26,North,HP EliteBook 840,34,105000,3570000,753314.1772086543
2024-07-28,North,HP Spectre x360,47,135000,6345000,1443077.8995773003
2024-07-29,East,HP EliteBook 840,35,105000,3675000,492948.5787657706
2024-07-29,North,HP Omen 17,9,125000,1125000,201260.6432189045
2024-07-30,Central,HP Omen 17,48,125000,6000000,1061556.882715928
2024-07-30,South,HP Omen 17,32,125000,4000000,997042.3995181636
2024-07-30,West,HP Envy x360,37,82000,3034000,467803.24480818666
2024-07-31,Central,HP Envy x360,6,82000,492000,100317.51084713456
2024-07-31,Central,HP Envy x360,49,82000,4018000,975353.3440253894
2024-08-01,East,HP Spectre x360,39,135000,5265000,784024.4857921178
2024-08-02,Central,HP Pavilion 15,18,65000,1170000,237353.24691255655
2024-08-02,Central,HP Omen 17,10,125000,1250000,244802.6376904537
2024-08-04,South,HP ProBook 450,41,75000,3075000,670151.6329032371
2024-08-04,South,HP ProBook 450,49,75000,3675000,759979.0729446949
2024-08-05,South,HP Victus 16,35,90000,3150000,486215.69520323054
2024-08-06,West,HP Omen 17,9,125000,1125000,274946.7042154064
2024-08-06,North,HP EliteBook 840,10,105000,1050000,180140.3519291895
2024-08-07,East,HP Victus 16,16,90000,1440000,269962.06994255085
2024-08-08,North,HP Victus 16,20,90000,1800000,246424.36010287039
2024-08-08,West,HP Omen 17,18,125000,2250000,315592.53656217345
2024-08-08,East,HP EliteBook 840,20,105000,2100000,411411.9573793657
2024-08-08,North,HP ProBook 450,35,75000,2625000,422896.80780060595
2024-08-08,Central,HP Omen 17,37,125000,4625000,1005204.7467863946
2024-08-10,North,HP EliteBook 840,32,105000,3360000,495339.02841721335
2024-08-10,West,HP EliteBook 840,42,105000,4410000,712446.2434281756
2024-08-10,Central,HP ProBook 450,11,75000,825000,104575.51699860433
2024-08-11,South,HP Victus 16,9,90000,810000,198937.57588172727
2024-08-11,Central,HP EliteBook 840,47,105000,4935000,828452.7964613981
2024-08-13,North,HP EliteBook 840,43,105000,4515000,944447.5170983607
2024-08-13,East,HP EliteBook 840,15,105000,1575000,359036.90434834553
2024-08-14,Central,HP Envy x360,28,82000,2296000,412845.68673228077
2024-08-16,Central,HP EliteBook 840,5,105000,525000,106955.97939693624
2024-08-16,West,HP ProBook 450,37,75000,2775000,399565.3571530438
2024-08-17,West,HP Envy x360,5,82000,410000,69204.71778652683
2024-08-18,North,HP Omen 17,21,125000,2625000,642245.960603461
2024-08-18,West,HP Victus 16,14,90000,1260000,212995.35040871115
2024-08-20,Central,HP Victus 16,42,90000,3780000,808696.1637856199
2024-08-20,West,HP Pavilion 15,9,65000,585000,145683.10144783717
2024-08-20,West,HP Omen 17,12,125000,1500000,321573.07202729554
2024-08-20,West,HP Victus 16,7,90000,630000,96264.11044088345
2024-08-21,Central,HP Pavilion 15,6,65000,390000,89690.07742690497
2024-08-22,West,HP Envy x360,5,82000,410000,60480.293088502214
2024-08-22,West,HP Omen 17,46,125000,5750000,1276156.5325298416
2024-08-23,East,HP EliteBook 840,30,105000,3150000,676978.1859507438
2024-08-24,East,HP Spectre x360,45,135000,6075000,1178269.2603768925
2024-08-24,South,HP Envy x360,19,82000,1558000,302287.41023273725
2024-08-25,South,HP Spectre x360,13,135000,1755000,358752.65874701604
2024-08-25,North,HP EliteBook 840,17,105000,1785000,342454.0932389744
2024-08-26,North,HP Omen 17,44,125000,5500000,992595.1890071526
2024-08-27,West,HP Pavilion 15,36,65000,2340000,392947.7103742047
2024-08-27,North,HP Omen 17,40,125000,5000000,627925.4694094124
2024-08-28,Central,HP Omen 17,42,125000,5250000,1130724.4227493757
2024-08-28,East,HP ProBook 450,20,75000,1500000,266627.1858211162
2024-08-31,East,HP Pavilion 15,29,65000,1885000,308288.1326938819
2024-08-31,Central,HP Envy x360,35,82000,2870000,377917.35599511483
2024-08-31,South,HP Omen 17,7,125000,875000,143914.05996096192
2024-09-01,North,HP Envy x360,24,82000,1968000,363717.1770843511
2024-09-01,Central,HP Victus 16,33,90000,2970000,738472.0955304888
2024-09-02,West,HP Omen 17,7,125000,875000,114756.17326408479
2024-09-03,East,HP Omen 17,10,125000,1250000,211786.32247137715
2024-09-05,Central,HP Victus 16,32,90000,2880000,491473.00333550107
2024-09-06,East,HP Omen 17,10,125000,1250000,273838.3059258136
2024-09-06,East,HP EliteBook 840,16,105000,1680000,289669.05934766366
2024-09-06,East,HP EliteBook 840,36,105000,3780000,692215.4124566502
2024-09-07,North,HP ProBook 450,29,75000,2175000,305456.33302355686
2024-09-08,Central,HP ProBook 450,47,75000,3525000,476511.04809389135
2024-09-08,East,HP Pavilion 15,34,65000,2210000,319662.1198904651
2024-09-09,South,HP Spectre x360,39,135000,5265000,1290491.623650415
2024-09-10,West,HP Pavilion 15,20,65000,1300000,209205.0406835898
2024-09-10,East,HP Spectre x360,49,135000,6615000,1454196.4595628052
2024-09-11,West,HP Omen 17,25,125000,3125000,539409.7086329667
2024-09-12,South,HP Omen 17,37,125000,4625000,1070094.5616871791
2024-09-14,West,HP Envy x360,40,82000,3280000,414095.2257312213
2024-09-15,Central,HP Victus 16,36,90000,3240000,773319.0690087581
2024-09-15,South,HP Envy x360,28,82000,2296000,377095.7544190063
2024-09-17,Central,HP Spectre x360,35,135000,4725000,705908.3440447616
2024-09-17,Central,HP Pavilion 15,44,65000,2860000,674323.2885775355
2024-09-18,Central,HP Envy x360,30,82000,2460000,323205.48900851764
2024-09-18,West,HP Pavilion 15,23,65000,1495000,289864.90801638603
2024-09-18,East,HP ProBook 450,24,75000,1800000,413485.72616719437
2024-09-19,East,HP Spectre x360,14,135000,1890000,352406.31642069685
2024-09-19,East,HP Pavilion 15,34,65000,2210000,297996.5888360101
2024-09-19,North,HP ProBook 450,41,75000,3075000,709457.2280264948
2024-09-20,West,HP Victus 16,43,90000,3870000,540919.0337386227
2024-09-20,East,HP ProBook 450,18,75000,1350000,246392.36602833113
2024-09-20,South,HP Pavilion 15,23,65000,1495000,298833.92076884425
2024-09-21,East,HP Pavilion 15,37,65000,2405000,456413.9160472512
2024-09-23,West,HP Spectre x360,37,135000,4995000,1089554.7026045255
2024-09-25,East,HP ProBook 450,33,75000,2475000,462320.9148451414
2024-09-26,West,HP Pavilion 15,32,65000,2080000,346281.361519452
2024-09-26,South,HP Spectre x360,9,135000,1215000,187446.7619670422
2024-09-26,North,HP Pavilion 15,43,65000,2795000,560651.0311111024
2024-09-28,South,HP Spectre x360,35,135000,4725000,1030613.2754686401
2024-09-28,North,HP Victus 16,5,90000,450000,85445.92975031304
2024-09-29,Central,HP Envy x360,20,82000,1640000,332666.81312628835
2024-09-30,West,HP Victus 16,35,90000,3150000,494158.9529911971
2024-09-30,North,HP EliteBook 840,14,105000,1470000,270211.64844296145
2024-09-30,Central,HP Victus 16,13,90000,1170000,270841.0172454354
2024-10-02,South,HP Envy x360,18,82000,1476000,277851.51117002673
2024-10-04,North,HP EliteBook 840,23,105000,2415000,315311.4559813337
2024-10-04,North,HP Omen 17,33,125000,4125000,744133.6887463224
2024-10-05,West,HP Victus 16,27,90000,2430000,371030.0793721638
2024-10-05,West,HP Omen 17,38,125000,4750000,886130.5863849049
2024-10-05,West,HP Omen 17,35,125000,4375000,837709.1407347849
2024-10-06,Central,HP Omen 17,22,125000,2750000,637624.429089164
2024-10-07,East,HP Omen 17,46,125000,5750000,822020.6904214675
2024-10-08,North,HP ProBook 450,39,75000,2925000,621623.9244309427
2024-10-09,North,HP Envy x360,28,82000,2296000,485340.1245433614
2024-10-09,West,HP Omen 17,45,125000,5625000,1393220.3545839714
2024-10-09,Central,HP Envy x360,10,82000,820000,119302.60879402143
2024-10-10,North,HP Victus 16,49,90000,4410000,993961.1267008419
2024-10-11,South,HP Spectre x360,16,135000,2160000,437434.9864615014
2024-10-11,Central,HP Omen 17,45,125000,5625000,1173998.0584911285
2024-10-12,West,HP Omen 17,26,125000,3250000,732133.2330912289
2024-10-13,Central,HP Envy x360,39,82000,3198000,390168.5007248857
2024-10-13,South,HP Omen 17,47,125000,5875000,1302806.2156223257
2024-10-14,Central,HP Omen 17,45,125000,5625000,925064.6208597025
2024-10-16,Central,HP Envy x360,42,82000,3444000,704666.5245185174
2024-10-16,West,HP Envy x360,40,82000,3280000,437339.59886783175
2024-10-16,East,HP ProBook 450,44,75000,3300000,495518.8268069401
2024-10-16,East,HP Pavilion 15,35,65000,2275000,537244.3789636682
2024-10-18,West,HP EliteBook 840,28,105000,2940000,699276.156810379
2024-10-18,East,HP EliteBook 840,12,105000,1260000,202822.81834428548
2024-10-19,North,HP Victus 16,17,90000,1530000,208906.29940559537
2024-10-21,East,HP ProBook 450,45,75000,3375000,499327.1388524063
2024-10-22,East,HP Spectre x360,32,135000,4320000,1054588.966331185
2024-10-22,West,HP ProBook 450,45,75000,3375000,473880.843978246
2024-10-23,Central,HP Pavilion 15,35,65000,2275000,452344.33513875754
2024-10-23,Central,HP Envy x360,42,82000,3444000,780133.3700433582
2024-10-24,South,HP EliteBook 840,19,105000,1995000,295045.4734276154
2024-10-25,South,HP EliteBook 840,33,105000,3465000,612140.3471619533
2024-10-25,East,HP Victus 16,9,90000,810000,195850.24934319282
2024-10-25,Central,HP Omen 17,37,125000,4625000,954586.8751341494
2024-10-27,North,HP Spectre x360,7,135000,945000,119467.20459932774
2024-10-28,West,HP Envy x360,37,82000,3034000,713885.1350632155
2024-10-28,North,HP Victus 16,20,90000,1800000,258970.02694296604
2024-10-29,East,HP ProBook 450,10,75000,750000,178976.32258883977
2024-10-29,South,HP Spectre x360,36,135000,4860000,1193744.8013581398
2024-10-31,West,HP Victus 16,43,90000,3870000,586865.0777097447
2024-10-31,North,HP Pavilion 15,23,65000,1495000,293967.287589435
2024-10-31,North,HP Envy x360,32,82000,2624000,373436.30090116494
2024-11-01,West,HP Envy x360,10,82000,820000,128933.2263558883
2024-11-04,West,HP Victus 16,31,90000,2790000,476217.4637931899
2024-11-05,North,HP EliteBook 840,39,105000,4095000,892165.636126268
2024-11-05,West,HP Omen 17,13,125000,1625000,392720.205976718
2024-11-06,Central,HP ProBook 450,35,75000,2625000,471824.21428488765
2024-11-06,South,HP ProBook 450,21,75000,1575000,371827.89890895365
2024-11-06,North,HP Envy x360,44,82000,3608000,664183.224449867
2024-11-07,West,HP ProBook 450,28,75000,2100000,316501.9573546611
2024-11-07,Central,HP EliteBook 840,31,105000,3255000,579110.5455380375
2024-11-08,North,HP Victus 16,23,90000,2070000,394672.360451309
2024-11-08,East,HP Pavilion 15,33,65000,2145000,428588.7996695703
2024-11-09,East,HP Omen 17,26,125000,3250000,630548.4390409021
2024-11-09,West,HP Spectre x360,28,135000,3780000,910297.0309075471
2024-11-10,West,HP Envy x360,35,82000,2870000,488592.74627314485
2024-11-10,North,HP Envy x360,49,82000,4018000,919076.8799874467
2024-11-10,South,HP ProBook 450,20,75000,1500000,372171.3931375125
2024-11-11,West,HP Victus 16,24,90000,2160000,474770.1250281065
2024-11-11,North,HP Victus 16,44,90000,3960000,944042.9138309371
2024-11-12,West,HP Spectre x360,18,135000,2430000,589545.8513727669
2024-11-12,West,HP Spectre x360,23,135000,3105000,555088.2825048764
2024-11-12,West,HP EliteBook 840,45,105000,4725000,1125826.6793235755
2024-11-12,West,HP Victus 16,41,90000,3690000,726366.0048773555
2024-11-13,East,HP Pavilion 15,41,65000,2665000,331957.4309604839
2024-11-14,South,HP Victus 16,47,90000,4230000,609869.9615980223
2024-11-15,East,HP ProBook 450,31,75000,2325000,363821.4402574296
2024-11-15,Central,HP Envy x360,14,82000,1148000,184293.63274749988
2024-11-15,Central,HP Pavilion 15,49,65000,3185000,537816.3234911071
2024-11-15,West,HP EliteBook 840,43,105000,4515000,799802.2039437484
2024-11-16,South,HP Omen 17,28,125000,3500000,542031.1684368714
2024-11-16,South,HP Victus 16,31,90000,2790000,438578.9035594111
2024-11-17,North,HP Omen 17,32,125000,4000000,579647.8858723642
2024-11-17,North,HP Pavilion 15,28,65000,1820000,400529.38900795224
2024-11-18,North,HP Spectre x360,36,135000,4860000,827674.5492991308
2024-11-19,East,HP Omen 17,14,125000,1750000,233816.47464575036
2024-11-19,Central,HP Pavilion 15,14,65000,910000,181079.64172806864
2024-11-19,West,HP Pavilion 15,25,65000,1625000,267033.4977226567
2024-11-21,West,HP EliteBook 840,25,105000,2625000,413705.30167769355
2024-11-21,Central,HP Omen 17,27,125000,3375000,582490.640881046
2024-11-21,West,HP Pavilion 15,18,65000,1170000,273519.407463666
2024-11-21,South,HP Victus 16,8,90000,720000,99798.66889353764
2024-11-21,Central,HP Envy x360,39,82000,3198000,629563.7369531968
2024-11-22,South,HP EliteBook 840,19,105000,1995000,313024.2592796265
2024-11-22,West,HP Victus 16,47,90000,4230000,698806.2751956639
2024-11-23,West,HP EliteBook 840,35,105000,3675000,638261.8318313784
2024-11-23,West,HP Omen 17,32,125000,4000000,912536.5952018909
2024-11-23,East,HP Victus 16,33,90000,2970000,698431.7495250738
2024-11-23,North,HP Omen 17,21,125000,2625000,362474.19935644587
2024-11-24,Central,HP Victus 16,22,90000,1980000,262108.99804665268
2024-11-24,East,HP Envy x360,43,82000,3526000,683571.8236416115
2024-11-24,South,HP EliteBook 840,26,105000,2730000,604046.1269355111
2024-11-24,East,HP Pavilion 15,7,65000,455000,55921.27518171106
2024-11-25,North,HP Pavilion 15,31,65000,2015000,367152.8242927873
2024-11-26,East,HP Envy x360,23,82000,1886000,451332.86189733574
2024-11-27,West,HP Spectre x360,12,135000,1620000,218754.0850398887
2024-11-27,East,HP Spectre x360,44,135000,5940000,984164.1015815691
2024-11-29,North,HP ProBook 450,7,75000,525000,76000.35352877594
2024-11-29,West,HP ProBook 450,36,75000,2700000,600644.294974943
2024-11-30,East,HP EliteBook 840,49,105000,5145000,1179568.4693249348
2024-12-02,East,HP Pavilion 15,39,65000,2535000,418113.9237498043
2024-12-02,North,HP Spectre x360,27,135000,3645000,463039.4069718423
2024-12-03,Central,HP EliteBook 840,31,105000,3255000,698386.351368891
2024-12-05,South,HP Victus 16,40,90000,3600000,837830.8772669778
2024-12-06,South,HP Pavilion 15,18,65000,1170000,261702.109090454
2024-12-06,North,HP Pavilion 15,33,65000,2145000,360256.49010910915
2024-12-06,South,HP Pavilion 15,24,65000,1560000,370008.9401327609
2024-12-07,Central,HP EliteBook 840,15,105000,1575000,393302.2311051702
2024-12-08,North,HP EliteBook 840,49,105000,5145000,841877.7553711027
2024-12-09,West,HP Omen 17,47,125000,5875000,1388442.3526460393
2024-12-09,West,HP Pavilion 15,14,65000,910000,176934.28921054502
2024-12-11,North,HP Victus 16,25,90000,2250000,302851.5235448249
2024-12-11,North,HP Spectre x360,24,135000,3240000,611713.9460257689
2024-12-12,South,HP Omen 17,28,125000,3500000,734589.9150506763
2024-12-13,North,HP Envy x360,12,82000,984000,207152.64344931848
2024-12-13,South,HP EliteBook 840,8,105000,840000,108176.19633329537
2024-12-14,North,HP ProBook 450,34,75000,2550000,480460.4629104878
2024-12-14,Central,HP Victus 16,32,90000,2880000,577792.9826340576
2024-12-15,South,HP Pavilion 15,21,65000,1365000,318967.50723007525
2024-12-15,Central,HP Pavilion 15,11,65000,715000,118777.89493937363
2024-12-15,West,HP Envy x360,40,82000,3280000,620439.0039867905
2024-12-16,South,HP Pavilion 15,36,65000,2340000,384204.7484401478
2024-12-17,Central,HP Pavilion 15,33,65000,2145000,435409.8465756093
2024-12-17,North,HP Pavilion 15,36,65000,2340000,402671.65936508373
2024-12-17,Central,HP Spectre x360,27,135000,3645000,612588.4618556208
2024-12-18,West,HP ProBook 450,35,75000,2625000,349820.05009985407
2024-12-21,West,HP Victus 16,49,90000,4410000,682149.9596354379
2024-12-21,South,HP ProBook 450,31,75000,2325000,482017.94910375995
2024-12-23,Central,HP Spectre x360,33,135000,4455000,626274.1927918505
2024-12-23,West,HP Victus 16,16,90000,1440000,342656.045724105
2024-12-25,East,HP EliteBook 840,34,105000,3570000,509795.86160021136
2024-12-26,East,HP Pavilion 15,26,65000,1690000,232882.1535525492
2024-12-26,Central,HP Spectre x360,36,135000,4860000,1041069.1475120023
2024-12-26,Central,HP Envy x360,28,82000,2296000,385172.6614021057
2024-12-26,South,HP ProBook 450,17,75000,1275000,254387.77167012112
2024-12-27,West,HP Envy x360,5,82000,410000,98607.48855720527
2024-12-27,West,HP ProBook 450,16,75000,1200000,211474.5039292764
2024-12-28,South,HP EliteBook 840,49,105000,5145000,802388.0918509118
2024-12-29,North,HP Spectre x360,28,135000,3780000,497122.4258692225
2024-12-29,East,HP EliteBook 840,14,105000,1470000,335628.7221305267
2024-12-29,West,HP Omen 17,38,125000,4750000,838975.4513034103
2024-12-30,West,HP Spectre x360,6,135000,810000,202175.2775319374
2024-12-30,South,HP Victus 16,29,90000,2610000,617536.1321698872
2024-12-31,South,HP Omen 17,9,125000,1125000,257541.12520219546
2024-12-31,East,HP ProBook 450,38,75000,2850000,425499.5431352504
2025-01-01,South,HP Omen 17,34,125000,4250000,1013657.4102122257
2025-01-01,West,HP EliteBook 840,18,105000,1890000,408570.9714940324
2025-01-01,Central,HP Omen 17,8,125000,1000000,140991.7578795012
2025-01-03,North,HP Pavilion 15,41,65000,2665000,585806.075820149
2025-01-05,North,HP Pavilion 15,41,65000,2665000,352250.4180755155
2025-01-06,East,HP Omen 17,36,125000,4500000,641557.3547229888
2025-01-06,Central,HP EliteBook 840,6,105000,630000,138105.98567379446
2025-01-06,West,HP Envy x360,24,82000,1968000,305517.0523943672
2025-01-07,West,HP ProBook 450,21,75000,1575000,210920.11768135117
2025-01-07,North,HP Spectre x360,35,135000,4725000,1167674.1118683228
2025-01-07,West,HP Pavilion 15,26,65000,1690000,291202.99455283134
2025-01-08,West,HP Envy x360,21,82000,1722000,266352.56553425745
2025-01-08,Central,HP Omen 17,43,125000,5375000,1034502.0872231832
2025-01-09,South,HP Spectre x360,15,135000,2025000,465788.27508221066
2025-01-09,East,HP ProBook 450,12,75000,900000,188201.57669570768
2025-01-11,Central,HP Omen 17,45,125000,5625000,956419.4193166138
2025-01-11,South,HP Victus 16,36,90000,3240000,683000.7679135166
2025-01-11,Central,HP Spectre x360,16,135000,2160000,289006.99253726564
2025-01-11,East,HP Omen 17,21,125000,2625000,613945.8467522333
2025-01-13,East,HP Victus 16,32,90000,2880000,417469.20751777414
2025-01-13,West,HP Omen 17,6,125000,750000,118430.37135592033
2025-01-13,Central,HP Spectre x360,13,135000,1755000,238077.69364211502
2025-01-13,East,HP Envy x360,22,82000,1804000,296848.64400244853
2025-01-13,Central,HP Envy x360,46,82000,3772000,815792.8272162796
2025-01-14,West,HP ProBook 450,43,75000,3225000,773156.757795789
2025-01-14,West,HP Victus 16,41,90000,3690000,906252.4977691702
2025-01-15,East,HP Spectre x360,49,135000,6615000,1637018.0134300545
2025-01-16,North,HP Spectre x360,10,135000,1350000,200619.72736659425
2025-01-16,West,HP Spectre x360,34,135000,4590000,759317.6142176342
2025-01-17,North,HP ProBook 450,29,75000,2175000,425037.59142497106
2025-01-19,Central,HP Pavilion 15,5,65000,325000,40909.575737484134
2025-01-22,West,HP Spectre x360,19,135000,2565000,511655.4132626254
2025-01-22,South,HP Pavilion 15,7,65000,455000,107963.83999043811
2025-01-22,South,HP Spectre x360,22,135000,2970000,710527.9171538836
2025-01-22,East,HP Victus 16,48,90000,4320000,988981.0470857453
2025-01-22,North,HP ProBook 450,40,75000,3000000,541501.9462945556
2025-01-23,East,HP Victus 16,16,90000,1440000,242966.0331046518
2025-01-23,West,HP Omen 17,40,125000,5000000,963450.0390127439
2025-01-23,East,HP Envy x360,19,82000,1558000,372379.94297811715
2025-01-25,West,HP EliteBook 840,41,105000,4305000,775598.128185086
2025-01-25,West,HP Envy x360,22,82000,1804000,437525.8575911719
2025-01-25,North,HP Pavilion 15,27,65000,1755000,381881.3652719275
2025-01-26,West,HP ProBook 450,30,75000,2250000,390530.37825077865
2025-01-26,East,HP Spectre x360,30,135000,4050000,817243.3411374667
2025-01-26,South,HP Victus 16,48,90000,4320000,706159.539836255
2025-01-27,North,HP Envy x360,43,82000,3526000,661782.681999458
2025-01-28,North,HP Victus 16,48,90000,4320000,576662.6540894678
2025-01-28,South,HP Victus 16,19,90000,1710000,283309.3927699115
2025-01-28,East,HP Spectre x360,41,135000,5535000,950106.0041270694
2025-01-28,West,HP Envy x360,21,82000,1722000,338970.78175502183
2025-01-29,East,HP Envy x360,29,82000,2378000,298351.36384837853
2025-01-29,Central,HP Spectre x360,41,135000,5535000,1050935.2592619874
2025-01-29,Central,HP EliteBook 840,34,105000,3570000,631219.3835030274
2025-01-29,North,HP Pavilion 15,40,65000,2600000,443931.41315797926
2025-01-29,Central,HP Spectre x360,35,135000,4725000,1058958.0460139443
2025-01-30,North,HP Spectre x360,28,135000,3780000,903593.8966711094
2025-01-31,Central,HP Spectre x360,18,135000,2430000,339010.356565041
2025-01-31,West,HP Envy x360,48,82000,3936000,654524.9484753488
2025-01-31,Central,HP Envy x360,41,82000,3362000,426144.83765495755
2025-02-01,North,HP Victus 16,36,90000,3240000,528186.5612131801
2025-02-01,East,HP Omen 17,21,125000,2625000,320802.25484991306
2025-02-01,Central,HP ProBook 450,42,75000,3150000,425816.869273139
2025-02-03,North,HP Victus 16,37,90000,3330000,530826.962275753
2025-02-03,North,HP Omen 17,15,125000,1875000,339552.34211904975
2025-02-04,West,HP Envy x360,28,82000,2296000,312720.997895345
2025-02-04,West,HP Spectre x360,41,135000,5535000,847132.709161485
2025-02-04,Central,HP Omen 17,42,125000,5250000,722770.5916832561
2025-02-05,North,HP Spectre x360,30,135000,4050000,990633.3670113685
2025-02-05,East,HP Pavilion 15,6,65000,390000,68867.07817691631
2025-02-06,Central,HP Victus 16,40,90000,3600000,723315.9448481357
2025-02-07,North,HP Envy x360,14,82000,1148000,174773.00929871984
2025-02-08,North,HP ProBook 450,38,75000,2850000,629272.7445029721
2025-02-08,West,HP EliteBook 840,13,105000,1365000,223872.64490488477
2025-02-08,West,HP Pavilion 15,15,65000,975000,186072.1613337858
2025-02-09,West,HP Omen 17,40,125000,5000000,1178073.5534249751
2025-02-09,South,HP EliteBook 840,47,105000,4935000,973833.882840524
2025-02-10,Central,HP Omen 17,23,125000,2875000,512887.59825456335
2025-02-11,North,HP Pavilion 15,49,65000,3185000,727328.2925829334
2025-02-13,South,HP EliteBook 840,42,105000,4410000,827323.9916337903
2025-02-14,Central,HP Omen 17,19,125000,2375000,538286.9712510378
2025-02-14,South,HP ProBook 450,43,75000,3225000,760216.2681152935
2025-02-16,West,HP EliteBook 840,35,105000,3675000,725074.2120698659
2025-02-16,Central,HP ProBook 450,33,75000,2475000,474609.22087167634
2025-02-17,South,HP Spectre x360,44,135000,5940000,750586.9539977302
2025-02-17,Central,HP Victus 16,36,90000,3240000,692607.0347719027
2025-02-18,Central,HP Omen 17,42,125000,5250000,1258526.407926352
2025-02-18,West,HP Spectre x360,10,135000,1350000,260440.91610971207
2025-02-19,North,HP Victus 16,26,90000,2340000,336976.17297490715
2025-02-19,Central,HP Victus 16,18,90000,1620000,229217.4741331285
2025-02-21,Central,HP ProBook 450,7,75000,525000,111096.27607170938
2025-02-21,South,HP Omen 17,37,125000,4625000,786954.5014580305
2025-02-21,Central,HP ProBook 450,17,75000,1275000,173222.11120063197
2025-02-23,East,HP Pavilion 15,38,65000,2470000,460888.32188301143
2025-02-23,North,HP Envy x360,22,82000,1804000,274586.45430946257
2025-02-24,South,HP Envy x360,48,82000,3936000,560686.7593841116
2025-02-24,Central,HP Pavilion 15,29,65000,1885000,285351.7821372134
2025-02-24,North,HP EliteBook 840,44,105000,4620000,661507.2885567435
2025-02-25,South,HP Envy x360,39,82000,3198000,613673.6797616116
2025-02-25,South,HP Omen 17,6,125000,750000,94871.87992599461
2025-02-26,Central,HP EliteBook 840,36,105000,3780000,621062.930198324
2025-02-27,East,HP Omen 17,29,125000,3625000,541950.8182668685
2025-02-27,South,HP Victus 16,33,90000,2970000,504432.5773146805
2025-02-28,Central,HP Victus 16,7,90000,630000,142979.68909458382
2025-03-01,West,HP Pavilion 15,48,65000,3120000,755691.2069599042
2025-03-01,Central,HP Omen 17,26,125000,3250000,637626.7892193517
2025-03-02,East,HP Spectre x360,5,135000,675000,128689.09272581986
2025-03-03,West,HP Pavilion 15,25,65000,1625000,384184.5422090481
2025-03-03,East,HP Envy x360,27,82000,2214000,527850.4777352457
2025-03-03,Central,HP Omen 17,30,125000,3750000,762824.9372566601
2025-03-04,East,HP Pavilion 15,32,65000,2080000,423155.62795339007
2025-03-04,Central,HP ProBook 450,27,75000,2025000,318462.20076856355
2025-03-05,West,HP EliteBook 840,11,105000,1155000,168517.17479561464
2025-03-06,North,HP Envy x360,5,82000,410000,88023.74424490603
2025-03-06,South,HP Pavilion 15,28,65000,1820000,227014.88829675558
2025-03-06,South,HP Omen 17,5,125000,625000,108127.25841196826
2025-03-06,North,HP Envy x360,49,82000,4018000,544416.4719538859
2025-03-06,South,HP Spectre x360,19,135000,2565000,337350.3425703926
2025-03-07,South,HP Omen 17,24,125000,3000000,448031.64238496136
2025-03-07,West,HP Spectre x360,39,135000,5265000,727418.1530377796
2025-03-07,West,HP Victus 16,44,90000,3960000,740036.5566534433
2025-03-08,North,HP Envy x360,41,82000,3362000,448775.1051888011
2025-03-08,East,HP ProBook 450,26,75000,1950000,414566.7273814509
2025-03-09,North,HP Victus 16,44,90000,3960000,966472.8912069388
2025-03-11,North,HP EliteBook 840,32,105000,3360000,429693.5762419664
2025-03-12,East,HP Spectre x360,34,135000,4590000,572279.0421343559
2025-03-12,Central,HP EliteBook 840,41,105000,4305000,917507.6807759786
2025-03-13,West,HP ProBook 450,40,75000,3000000,362590.0505747141
2025-03-13,West,HP Omen 17,16,125000,2000000,381129.3476648474
2025-03-14,East,HP Victus 16,48,90000,4320000,1040827.2050254807
2025-03-14,North,HP ProBook 450,42,75000,3150000,599990.6302451311
2025-03-16,West,HP Omen 17,47,125000,5875000,761400.5312449227
2025-03-16,West,HP Pavilion 15,39,65000,2535000,449867.18513419264
2025-03-18,North,HP Pavilion 15,35,65000,2275000,380826.64376545843
2025-03-19,North,HP Pavilion 15,42,65000,2730000,373686.97163606924
2025-03-19,West,HP Pavilion 15,36,65000,2340000,397457.95051500225
2025-03-19,Central,HP Omen 17,30,125000,3750000,504782.77518177265
2025-03-19,North,HP Pavilion 15,26,65000,1690000,230388.79958646
2025-03-20,East,HP Omen 17,16,125000,2000000,427529.5705876115
2025-03-20,East,HP Victus 16,49,90000,4410000,697143.0834827418
2025-03-21,South,HP Victus 16,47,90000,4230000,972384.9683044833
2025-03-23,North,HP Victus 16,30,90000,2700000,379058.6563728825
2025-03-23,South,HP Spectre x360,20,135000,2700000,575551.0320280909
2025-03-23,South,HP ProBook 450,36,75000,2700000,359848.12607935857
2025-03-24,North,HP EliteBook 840,25,105000,2625000,586941.4477973137
2025-03-24,West,HP Envy x360,33,82000,2706000,357490.91053495655
2025-03-24,Central,HP Envy x360,37,82000,3034000,658328.864439075
2025-03-25,South,HP Omen 17,14,125000,1750000,222436.0731176976
2025-03-25,East,HP Spectre x360,33,135000,4455000,780498.9680548661
2025-03-26,North,HP Omen 17,40,125000,5000000,738582.0017352725
2025-03-27,East,HP Envy x360,18,82000,1476000,355083.31357868173
2025-03-27,North,HP EliteBook 840,29,105000,3045000,652320.3622933779
2025-03-27,North,HP Victus 16,46,90000,4140000,740370.4525668821
2025-03-27,North,HP Spectre x360,48,135000,6480000,899014.797140117
2025-03-28,East,HP Victus 16,24,90000,2160000,275255.1759106087
2025-03-29,West,HP ProBook 450,35,75000,2625000,637034.2810216078
2025-03-29,West,HP Spectre x360,29,135000,3915000,554490.5724078822
2025-03-30,South,HP ProBook 450,47,75000,3525000,769470.6503741331
2025-03-31,South,HP Victus 16,39,90000,3510000,647862.4063652678
2025-03-31,North,HP Victus 16,11,90000,990000,173441.30522385548
2025-04-01,Central,HP Victus 16,9,90000,810000,178846.586624265
2025-04-02,South,HP Omen 17,19,125000,2375000,428833.7505073595
2025-04-09,East,HP Envy x360,33,82000,2706000,528969.9807041242
2025-04-09,North,HP EliteBook 840,26,105000,2730000,561395.0249078715
2025-04-09,Central,HP Spectre x360,37,135000,4995000,1166811.744777843
2025-04-10,North,HP Pavilion 15,42,65000,2730000,602581.01518855
2025-04-10,North,HP Envy x360,24,82000,1968000,463858.2064463222
2025-04-10,West,HP Pavilion 15,6,65000,390000,94641.81532199829
2025-04-11,Central,HP Spectre x360,34,135000,4590000,578498.2446460741
2025-04-11,North,HP Envy x360,13,82000,1066000,265128.6265598438
2025-04-11,South,HP Spectre x360,25,135000,3375000,599019.7518767593
2025-04-12,North,HP ProBook 450,38,75000,2850000,407102.1244575198
2025-04-12,West,HP EliteBook 840,42,105000,4410000,807631.0327328392
2025-04-13,West,HP EliteBook 840,20,105000,2100000,424838.9571540287
2025-04-14,West,HP Envy x360,39,82000,3198000,645081.0884310367
2025-04-14,North,HP Pavilion 15,16,65000,1040000,253495.22756760445
2025-04-14,South,HP Envy x360,30,82000,2460000,498308.3131291656
2025-04-15,East,HP Victus 16,14,90000,1260000,195901.480162287
2025-04-15,East,HP Envy x360,35,82000,2870000,617527.3793071089
2025-04-16,Central,HP Omen 17,23,125000,2875000,351616.4275895225
2025-04-16,South,HP Pavilion 15,12,65000,780000,133755.3251282849
2025-04-17,West,HP Pavilion 15,8,65000,520000,89868.31391227058
2025-04-17,East,HP Spectre x360,37,135000,4995000,805216.785604079
2025-04-18,North,HP ProBook 450,20,75000,1500000,204421.05024012973
2025-04-19,South,HP Envy x360,30,82000,2460000,476972.0833751545
2025-04-19,South,HP Victus 16,31,90000,2790000,631376.9861096843
2025-04-20,North,HP Omen 17,17,125000,2125000,398104.38239088387
2025-04-20,East,HP EliteBook 840,14,105000,1470000,268719.12491858157
2025-04-20,West,HP ProBook 450,6,75000,450000,61846.571547431995
2025-04-21,Central,HP Victus 16,26,90000,2340000,303463.79873558047
2025-04-22,West,HP Omen 17,25,125000,3125000,661936.8395131181
2025-04-23,East,HP Pavilion 15,30,65000,1950000,405923.41468212736
2025-04-23,East,HP Pavilion 15,43,65000,2795000,447910.1532159657
2025-04-24,West,HP Victus 16,38,90000,3420000,656759.1176399352
2025-04-24,Central,HP Pavilion 15,19,65000,1235000,191490.25366414315
2025-04-25,Central,HP EliteBook 840,13,105000,1365000,236089.55749516093
2025-04-26,East,HP EliteBook 840,19,105000,1995000,476028.2719606141
2025-04-26,Central,HP EliteBook 840,23,105000,2415000,577037.9842023954
2025-04-27,South,HP Victus 16,31,90000,2790000,507595.99656078976
2025-04-27,South,HP Pavilion 15,33,65000,2145000,302578.90321500984
2025-04-28,North,HP Envy x360,31,82000,2542000,518186.8427400178
2025-04-28,East,HP Victus 16,17,90000,1530000,251440.2373436133
2025-04-28,Central,HP Spectre x360,6,135000,810000,176942.10835159174
2025-04-29,West,HP ProBook 450,43,75000,3225000,588722.9621446637
2025-04-30,Central,HP Victus 16,30,90000,2700000,366008.0972296296
2025-05-01,North,HP ProBook 450,38,75000,2850000,549222.2453706675
2025-05-02,East,HP EliteBook 840,43,105000,4515000,989928.1957787708
2025-05-02,West,HP Omen 17,37,125000,4625000,1140774.3983315371
2025-05-02,East,HP Victus 16,32,90000,2880000,540084.482644461
2025-05-02,South,HP ProBook 450,48,75000,3600000,524900.8729253502
2025-05-03,East,HP Omen 17,42,125000,5250000,979585.5979103793
2025-05-04,North,HP EliteBook 840,34,105000,3570000,692017.3892111768
2025-05-04,South,HP Omen 17,23,125000,2875000,715287.7232541568
2025-05-05,Central,HP Victus 16,33,90000,2970000,583443.3434122181
2025-05-06,West,HP Omen 17,19,125000,2375000,476001.70494588464
2025-05-06,South,HP Pavilion 15,8,65000,520000,101138.65611505903
2025-05-06,South,HP Omen 17,31,125000,3875000,913047.4585495314
2025-05-07,South,HP Spectre x360,31,135000,4185000,889115.7924055699
2025-05-09,Central,HP ProBook 450,47,75000,3525000,707782.1459594673
2025-05-09,West,HP Victus 16,37,90000,3330000,791519.3807567406
2025-05-10,West,HP Pavilion 15,30,65000,1950000,353801.2933411456
2025-05-10,Central,HP EliteBook 840,48,105000,5040000,1035299.1468986891
2025-05-10,West,HP Pavilion 15,34,65000,2210000,429357.05672016734
2025-05-10,North,HP Envy x360,18,82000,1476000,207977.67382519797
2025-05-12,West,HP ProBook 450,5,75000,375000,78412.68153837242
2025-05-12,East,HP Victus 16,13,90000,1170000,152053.60686373542
2025-05-13,East,HP Omen 17,36,125000,4500000,892528.6471915166
2025-05-14,West,HP Pavilion 15,13,65000,845000,143216.045569654
2025-05-14,North,HP ProBook 450,9,75000,675000,89901.30270838132
2025-05-15,North,HP Pavilion 15,49,65000,3185000,501065.3167801193
2025-05-15,North,HP Victus 16,28,90000,2520000,627819.8214722819
2025-05-15,North,HP Spectre x360,6,135000,810000,185963.70091230603
2025-05-15,East,HP Pavilion 15,38,65000,2470000,587498.7341554955
2025-05-16,West,HP Victus 16,47,90000,4230000,818475.0680179062
2025-05-19,South,HP Envy x360,12,82000,984000,200160.48016122825
2025-05-19,North,HP EliteBook 840,20,105000,2100000,461485.28531100834
2025-05-20,West,HP Envy x360,24,82000,1968000,286703.0594640167
2025-05-20,North,HP Envy x360,20,82000,1640000,295970.9842055355
2025-05-20,North,HP Envy x360,10,82000,820000,185420.82312189837
2025-05-21,West,HP Victus 16,27,90000,2430000,417900.6116503426
2025-05-22,Central,HP Spectre x360,16,135000,2160000,269983.60633927496
2025-05-22,South,HP Victus 16,34,90000,3060000,753685.5591122784
2025-05-22,Central,HP EliteBook 840,35,105000,3675000,460296.36173471145
2025-05-23,East,HP Victus 16,12,90000,1080000,254818.95186123138
2025-05-23,West,HP Envy x360,34,82000,2788000,656506.230981009
2025-05-23,South,HP Spectre x360,32,135000,4320000,841276.1307794615
2025-05-25,East,HP Pavilion 15,29,65000,1885000,282022.7284065524
2025-05-26,East,HP Pavilion 15,13,65000,845000,157302.54579193355
2025-05-26,South,HP Spectre x360,31,135000,4185000,647963.8435664439
2025-05-27,North,HP Spectre x360,13,135000,1755000,432441.37361432856
2025-05-27,North,HP Pavilion 15,8,65000,520000,96311.3560281114
2025-05-28,Central,HP Victus 16,6,90000,540000,102351.61067418463
2025-05-29,East,HP Omen 17,41,125000,5125000,645858.4793750707
2025-05-30,South,HP Omen 17,40,125000,5000000,1037146.9039544628
2025-05-30,North,HP Envy x360,40,82000,3280000,758632.5554782511
2025-05-31,North,HP Omen 17,43,125000,5375000,1174628.1204742803
2025-05-31,North,HP Omen 17,31,125000,3875000,722797.0831711985
2025-06-03,North,HP Envy x360,21,82000,1722000,430407.1627531267
2025-06-04,Central,HP ProBook 450,8,75000,600000,142805.22185090563
2025-06-04,East,HP Pavilion 15,34,65000,2210000,324920.2686437517
2025-06-05,South,HP ProBook 450,6,75000,450000,87038.68139821783
2025-06-05,North,HP Victus 16,8,90000,720000,178507.9600168261
2025-06-06,East,HP Spectre x360,49,135000,6615000,1126187.9581514092
2025-06-06,North,HP Pavilion 15,33,65000,2145000,285944.72512860276
2025-06-06,North,HP Pavilion 15,43,65000,2795000,485833.54196418374
2025-06-06,East,HP ProBook 450,26,75000,1950000,250499.21963628713
2025-06-07,North,HP Envy x360,34,82000,2788000,689034.3369809176
2025-06-07,Central,HP Envy x360,16,82000,1312000,323113.6859974327
2025-06-07,Central,HP Envy x360,29,82000,2378000,489044.953655661
2025-06-08,South,HP Pavilion 15,32,65000,2080000,355404.04162548325
2025-06-08,Central,HP Pavilion 15,29,65000,1885000,278503.83258254296
2025-06-09,Central,HP Spectre x360,43,135000,5805000,1061340.7436331625
2025-06-09,North,HP Victus 16,13,90000,1170000,191918.36828602967
2025-06-10,South,HP ProBook 450,25,75000,1875000,376410.47019306995
2025-06-10,West,HP EliteBook 840,25,105000,2625000,581868.477699861
2025-06-10,South,HP Spectre x360,8,135000,1080000,170436.2103423168
2025-06-11,West,HP Spectre x360,16,135000,2160000,516334.5742448053
2025-06-11,North,HP Omen 17,26,125000,3250000,561728.2094270838
2025-06-12,Central,HP Victus 16,21,90000,1890000,449326.1830807574
2025-06-12,South,HP Envy x360,26,82000,2132000,416676.61614250665
2025-06-12,West,HP Omen 17,40,125000,5000000,923321.9638486082
2025-06-12,Central,HP EliteBook 840,19,105000,1995000,260647.56532239422
2025-06-13,Central,HP EliteBook 840,20,105000,2100000,423887.2928016394
2025-06-14,West,HP Omen 17,38,125000,4750000,980795.7823953865
2025-06-14,North,HP ProBook 450,12,75000,900000,203203.3797021312
2025-06-17,Central,HP Omen 17,11,125000,1375000,277258.011807604
2025-06-17,West,HP Victus 16,35,90000,3150000,388123.66860361886
2025-06-17,West,HP Spectre x360,15,135000,2025000,249512.1708241656
2025-06-18,West,HP Victus 16,44,90000,3960000,946183.4595283131
2025-06-18,Central,HP Pavilion 15,46,65000,2990000,479870.54244287533
2025-06-19,Central,HP Victus 16,14,90000,1260000,264795.86381660757
2025-06-20,North,HP ProBook 450,20,75000,1500000,204002.14734128563
2025-06-21,South,HP Pavilion 15,21,65000,1365000,321785.7241853573
2025-06-21,West,HP Omen 17,40,125000,5000000,1157807.436351117
2025-06-22,Central,HP ProBook 450,41,75000,3075000,573295.4609132219
2025-06-22,Central,HP Envy x360,32,82000,2624000,598536.3184212691
2025-06-22,North,HP EliteBook 840,7,105000,735000,103544.27283782909
2025-06-22,North,HP Spectre x360,46,135000,6210000,1112956.1328206623
2025-06-25,West,HP Spectre x360,31,135000,4185000,1025167.6682044787
2025-06-25,Central,HP Spectre x360,32,135000,4320000,703552.4131493319
2025-06-27,West,HP Pavilion 15,36,65000,2340000,373689.35516769416
2025-06-27,Central,HP EliteBook 840,20,105000,2100000,308432.10188298987
2025-06-28,West,HP Omen 17,16,125000,2000000,371233.88874114107
2025-06-30,West,HP Omen 17,26,125000,3250000,392408.80182205717
2025-07-01,West,HP ProBook 450,14,75000,1050000,145860.12217542774
2025-07-01,Central,HP Spectre x360,26,135000,3510000,522127.06267100305
2025-07-01,North,HP Omen 17,33,125000,4125000,560231.6437184842
2025-07-02,North,HP Victus 16,41,90000,3690000,639598.8072904464
2025-07-03,North,HP Victus 16,31,90000,2790000,651674.4109814212
2025-07-04,West,HP Pavilion 15,47,65000,3055000,379040.5623183729
2025-07-05,Central,HP ProBook 450,40,75000,3000000,421398.44625020225
2025-07-08,North,HP Victus 16,30,90000,2700000,582888.9892788344
2025-07-08,North,HP Pavilion 15,38,65000,2470000,484999.0350788526
2025-07-08,East,HP Envy x360,18,82000,1476000,332320.0896157707
2025-07-09,East,HP Victus 16,47,90000,4230000,981491.7508418701
2025-07-09,South,HP ProBook 450,28,75000,2100000,409373.7797567291
2025-07-10,East,HP EliteBook 840,44,105000,4620000,674911.8875742519
2025-07-10,West,HP EliteBook 840,8,105000,840000,187436.03790286454
2025-07-10,Central,HP Omen 17,44,125000,5500000,1199796.1067907028
2025-07-12,East,HP Victus 16,23,90000,2070000,452306.84648597956
2025-07-12,West,HP Envy x360,31,82000,2542000,599743.8918347344
2025-07-12,West,HP ProBook 450,32,75000,2400000,337685.4116288818
2025-07-13,South,HP Pavilion 15,21,65000,1365000,291541.2387617448
2025-07-14,North,HP Omen 17,37,125000,4625000,559015.5076219287
2025-07-15,East,HP Omen 17,36,125000,4500000,598236.8300296508
2025-07-16,South,HP Omen 17,47,125000,5875000,869789.9403297876
2025-07-16,Central,HP Pavilion 15,28,65000,1820000,379971.6438916489
2025-07-16,Central,HP Spectre x360,40,135000,5400000,1309205.9527028073
2025-07-17,South,HP Envy x360,34,82000,2788000,596657.3241160449
2025-07-19,South,HP Pavilion 15,30,65000,1950000,404888.6178267943
2025-07-21,Central,HP Victus 16,7,90000,630000,147405.75719062373
2025-07-21,West,HP Omen 17,42,125000,5250000,1071952.364303276
2025-07-22,West,HP Victus 16,10,90000,900000,129758.21168528228
2025-07-22,South,HP Spectre x360,22,135000,2970000,417011.8479875355
2025-07-22,Central,HP Omen 17,25,125000,3125000,375072.7297964079
2025-07-22,North,HP Pavilion 15,6,65000,390000,59064.7077852535
2025-07-23,Central,HP EliteBook 840,46,105000,4830000,947870.5632378329
2025-07-25,East,HP ProBook 450,43,75000,3225000,472462.98751413135
2025-07-26,North,HP Pavilion 15,16,65000,1040000,246190.60150231025
2025-07-26,South,HP Victus 16,31,90000,2790000,380974.36169711483
2025-07-26,Central,HP Envy x360,31,82000,2542000,632351.6180625252
2025-07-26,Central,HP EliteBook 840,17,105000,1785000,215763.7446773013
2025-07-27,South,HP Spectre x360,40,135000,5400000,837726.1434332158
2025-07-29,West,HP Pavilion 15,41,65000,2665000,384478.0031499481
2025-07-30,West,HP Pavilion 15,20,65000,1300000,180267.39876325917
2025-07-30,East,HP ProBook 450,24,75000,1800000,400208.5056893869
2025-07-30,West,HP ProBook 450,20,75000,1500000,268461.389700116
2025-07-31,East,HP Envy x360,14,82000,1148000,154182.41225740593
2025-08-01,North,HP Pavilion 15,47,65000,3055000,546139.8508436293
2025-08-03,South,HP Spectre x360,20,135000,2700000,506184.693368271
2025-08-03,East,HP Omen 17,45,125000,5625000,1145258.7183662183
2025-08-04,Central,HP Spectre x360,49,135000,6615000,1218619.546840495
2025-08-05,West,HP Pavilion 15,27,65000,1755000,331824.36695856764
2025-08-07,North,HP ProBook 450,36,75000,2700000,344724.9165709894
2025-08-09,North,HP Omen 17,41,125000,5125000,802970.9026393269
2025-08-09,East,HP EliteBook 840,36,105000,3780000,721016.4077942268
2025-08-09,Central,HP Spectre x360,5,135000,675000,130605.31733186141
2025-08-10,West,HP ProBook 450,27,75000,2025000,459524.284426613
2025-08-10,South,HP EliteBook 840,33,105000,3465000,565789.8645057682
2025-08-10,Central,HP Pavilion 15,14,65000,910000,200058.79077477235
2025-08-11,North,HP Envy x360,47,82000,3854000,650718.1351867475
2025-08-11,Central,HP EliteBook 840,39,105000,4095000,654342.4443478874
2025-08-11,South,HP ProBook 450,23,75000,1725000,389703.10300904757
2025-08-12,West,HP Envy x360,15,82000,1230000,294376.93700959627
2025-08-12,South,HP Victus 16,23,90000,2070000,475605.58243727667
2025-08-12,East,HP Envy x360,20,82000,1640000,329315.7823247541
2025-08-12,Central,HP Pavilion 15,32,65000,2080000,317712.01362146874
2025-08-13,South,HP Omen 17,16,125000,2000000,305050.0992427767
2025-08-13,South,HP ProBook 450,43,75000,3225000,580376.2857977622
2025-08-14,South,HP Pavilion 15,16,65000,1040000,243326.3634391942
2025-08-14,West,HP Victus 16,19,90000,1710000,275843.8477490484
2025-08-14,East,HP ProBook 450,5,75000,375000,86817.10725360252
2025-08-15,Central,HP Victus 16,48,90000,4320000,611314.2593287743
2025-08-15,East,HP EliteBook 840,13,105000,1365000,212824.57153953434
2025-08-15,South,HP Omen 17,24,125000,3000000,617879.1545947407
2025-08-16,South,HP Spectre x360,7,135000,945000,201374.08681766645
2025-08-16,East,HP Victus 16,41,90000,3690000,844465.3192036418
2025-08-16,East,HP EliteBook 840,22,105000,2310000,560522.8094958987
2025-08-17,Central,HP EliteBook 840,21,105000,2205000,294246.6750264891
2025-08-19,Central,HP ProBook 450,13,75000,975000,138999.72632004996
2025-08-19,West,HP Spectre x360,24,135000,3240000,425131.64426458185
2025-08-19,East,HP Pavilion 15,41,65000,2665000,608896.3234670279
2025-08-20,East,HP Victus 16,23,90000,2070000,481976.75969405816
2025-08-20,North,HP Omen 17,35,125000,4375000,860585.8263769755
2025-08-21,East,HP ProBook 450,7,75000,525000,124464.02400900506
2025-08-21,Central,HP Envy x360,22,82000,1804000,447971.8231561192
2025-08-21,North,HP Spectre x360,21,135000,2835000,457659.1193571358
2025-08-21,South,HP Omen 17,38,125000,4750000,940700.7608717663
2025-08-22,East,HP ProBook 450,17,75000,1275000,304110.6600548789
2025-08-22,Central,HP ProBook 450,43,75000,3225000,675995.1498188359
2025-08-22,South,HP Victus 16,7,90000,630000,156775.40763468583
2025-08-22,South,HP Omen 17,27,125000,3375000,538423.4480426699
2025-08-23,West,HP EliteBook 840,48,105000,5040000,715514.4557548125
2025-08-23,East,HP EliteBook 840,12,105000,1260000,265237.84369329986
2025-08-25,North,HP Envy x360,49,82000,4018000,869464.8165620238
2025-08-25,West,HP Pavilion 15,42,65000,2730000,610180.0095948298
2025-08-25,East,HP Envy x360,12,82000,984000,145314.6518539042
2025-08-27,North,HP Envy x360,39,82000,3198000,658306.1071628009
2025-08-27,South,HP ProBook 450,11,75000,825000,160986.29168160312
2025-08-27,Central,HP Omen 17,7,125000,875000,156514.8520063431
2025-08-29,West,HP ProBook 450,7,75000,525000,86744.09012413949
2025-08-30,West,HP Envy x360,32,82000,2624000,497564.73913958203
2025-08-30,Central,HP Spectre x360,13,135000,1755000,408309.22347842215
2025-08-31,Central,HP Spectre x360,14,135000,1890000,339086.3709749739
2025-09-01,Central,HP Spectre x360,16,135000,2160000,262160.91111049795
2025-09-02,East,HP Pavilion 15,28,65000,1820000,243911.03415604256
2025-09-03,East,HP Pavilion 15,19,65000,1235000,234776.20324574385
2025-09-03,North,HP Omen 17,34,125000,4250000,1020939.8238546359
2025-09-03,West,HP Omen 17,8,125000,1000000,153368.66484227488
2025-09-04,West,HP Omen 17,17,125000,2125000,260074.824905041
2025-09-05,Central,HP Omen 17,22,125000,2750000,536343.7824491733
2025-09-06,West,HP Envy x360,29,82000,2378000,346238.2001742096
2025-09-06,South,HP Pavilion 15,19,65000,1235000,291871.49078288773
2025-09-07,North,HP Omen 17,46,125000,5750000,1075125.4446018015
2025-09-07,West,HP Omen 17,19,125000,2375000,577543.2221244989
2025-09-08,North,HP EliteBook 840,29,105000,3045000,417073.90201570984
2025-09-08,South,HP Omen 17,45,125000,5625000,1381920.72751356
2025-09-08,South,HP Pavilion 15,39,65000,2535000,334349.2179652197
2025-09-09,East,HP Victus 16,49,90000,4410000,808482.0692254243
2025-09-12,North,HP ProBook 450,8,75000,600000,97344.3408741976
2025-09-13,Central,HP EliteBook 840,29,105000,3045000,639563.3715813179
2025-09-14,North,HP ProBook 450,46,75000,3450000,516136.86030496575
2025-09-14,Central,HP Victus 16,45,90000,4050000,668169.1963865135
2025-09-14,East,HP EliteBook 840,18,105000,1890000,432530.14719922224
2025-09-14,Central,HP Omen 17,45,125000,5625000,751087.7230804939
2025-09-15,East,HP Victus 16,17,90000,1530000,324668.8852239999
2025-09-15,South,HP Omen 17,32,125000,4000000,727120.2403209396
2025-09-17,South,HP Pavilion 15,32,65000,2080000,480069.64962193405
2025-09-17,East,HP Pavilion 15,31,65000,2015000,344431.93212270574
2025-09-19,South,HP ProBook 450,47,75000,3525000,732074.2948632272
2025-09-20,West,HP Pavilion 15,45,65000,2925000,380622.45315336855
2025-09-20,West,HP Envy x360,16,82000,1312000,192306.70948806326
2025-09-20,South,HP Victus 16,48,90000,4320000,853197.8869137532
2025-09-20,South,HP Pavilion 15,11,65000,715000,132044.9335839525
2025-09-21,Central,HP Pavilion 15,42,65000,2730000,672136.5257801076
2025-09-21,East,HP Envy x360,38,82000,3116000,775020.3450508286
2025-09-21,South,HP Spectre x360,17,135000,2295000,485098.6936970602
2025-09-22,Central,HP Victus 16,26,90000,2340000,454164.15000991157
2025-09-22,West,HP Omen 17,37,125000,4625000,1016874.7458709577
2025-09-23,West,HP ProBook 450,31,75000,2325000,513758.4667690375
2025-09-24,Central,HP ProBook 450,13,75000,975000,235420.85970108537
2025-09-24,West,HP Omen 17,48,125000,6000000,888541.3062743227
2025-09-24,North,HP ProBook 450,44,75000,3300000,640799.5463805102
2025-09-25,South,HP Envy x360,44,82000,3608000,750693.6749178983
2025-09-25,Central,HP Pavilion 15,19,65000,1235000,233121.9306878961
2025-09-26,North,HP Pavilion 15,41,65000,2665000,322427.35871789936
2025-09-26,North,HP Victus 16,22,90000,1980000,281618.03814645705
2025-09-27,East,HP Omen 17,5,125000,625000,78579.25285793
2025-09-28,North,HP Victus 16,31,90000,2790000,357003.0105026089
2025-09-28,West,HP EliteBook 840,45,105000,4725000,623461.4566417659
